Metric,Value
MSE,0.607774655866793
RMSE,0.7795990353167409
R2,-0.5529750627918057
MAE,0.5724608166636301
Explained Variance,0.1369619259291852
